1746113734.802530,-0.051017,-0.383858,0.845907,0.111506,-0.023318,-0.062308
1746113734.902640,-0.050092,-0.385626,0.843732,0.102362,-0.022399,-0.061347
1746113735.003494,-0.049236,-0.387112,0.842296,0.093482,-0.015197,-0.064297
1746113735.103763,-0.048204,-0.388299,0.841569,0.092903,-0.020426,-0.059335
1746113735.203940,-0.047067,-0.388630,0.840652,0.092079,-0.019440,-0.060581
1746113735.304352,-0.046390,-0.388147,0.840380,0.092411,-0.024205,-0.059577
1746113735.404200,-0.045609,-0.387393,0.840572,0.093622,-0.022233,-0.055008
1746113735.504596,-0.044816,-0.385106,0.841562,0.089789,-0.020581,-0.058076
1746113735.605202,-0.044384,-0.383030,0.842454,0.095775,-0.012370,-0.064888
1746113735.705272,-0.044015,-0.380730,0.843386,0.098599,-0.020842,-0.058009
1746113735.805577,-0.043802,-0.378194,0.844285,0.099161,-0.020961,-0.061865
1746113735.905960,-0.043579,-0.375690,0.845236,0.097500,-0.018101,-0.059281
1746113736.006276,-0.043438,-0.373019,0.846072,0.095039,-0.023682,-0.054521
1746113736.106879,-0.043811,-0.370598,0.845810,0.096824,-0.023219,-0.052432
1746113736.206995,-0.044058,-0.367839,0.844923,0.098371,-0.023487,-0.054003
1746113736.307509,-0.044712,-0.365127,0.843827,0.101898,-0.023617,-0.051817
1746113736.407554,-0.046811,-0.363119,0.840245,0.108733,-0.026252,-0.031022
1746113736.507709,-0.049991,-0.361874,0.834947,0.127242,-0.036019,-0.007905
1746113736.608069,-0.052926,-0.362073,0.831146,0.123182,-0.038157,0.010223
1746113736.708114,-0.062260,-0.365389,0.820758,0.118083,-0.034436,0.039736
1746113736.808514,-0.070836,-0.370739,0.813608,0.126962,-0.027299,0.058600
1746113736.908574,-0.080062,-0.377872,0.806957,0.113571,-0.028880,0.072146
1746113737.008919,-0.088672,-0.385633,0.800259,0.122165,-0.026005,0.085429
1746113737.109172,-0.100507,-0.396955,0.793072,0.110421,-0.026025,0.101803
1746113737.209451,-0.113547,-0.410909,0.785962,0.109956,-0.017263,0.112956
1746113737.309327,-0.128163,-0.427097,0.779626,0.105253,-0.020081,0.135993
1746113737.409900,-0.143195,-0.444115,0.774158,0.124850,-0.016123,0.144637
1746113737.510180,-0.158680,-0.462105,0.769421,0.086826,-0.009283,0.156373
1746113737.610453,-0.174217,-0.480598,0.764264,0.093678,-0.009054,0.167652
1746113737.710838,-0.188166,-0.497045,0.760167,0.087517,-0.009343,0.176604
1746113737.811146,-0.204677,-0.512615,0.753368,0.062760,-0.015320,0.156238
1746113737.911415,-0.219656,-0.524738,0.747400,0.044974,-0.017758,0.135513
1746113738.011724,-0.235744,-0.534202,0.740649,0.065486,-0.019669,0.108189
1746113738.112099,-0.252156,-0.540808,0.733003,0.078950,-0.026536,0.082662
1746113738.212303,-0.268959,-0.547231,0.724829,0.107250,-0.014834,0.062574
1746113738.312256,-0.286193,-0.552623,0.715034,0.104502,-0.023847,0.024969
1746113738.412745,-0.302498,-0.558652,0.705837,0.093109,-0.031310,-0.004826
1746113738.513044,-0.318613,-0.565360,0.696411,0.098943,-0.034463,-0.034293
1746113738.613323,-0.334507,-0.572970,0.687500,0.086311,-0.035537,-0.053618
1746113738.713625,-0.349137,-0.581278,0.678430,0.096994,-0.039969,-0.092779
1746113738.813914,-0.364088,-0.589882,0.669477,0.093373,-0.042346,-0.120749
1746113738.914224,-0.379036,-0.599162,0.660740,0.088987,-0.051848,-0.143710
1746113739.014514,-0.394330,-0.608798,0.652940,0.091652,-0.064908,-0.173041
1746113739.114758,-0.410295,-0.617850,0.645001,0.095537,-0.055972,-0.199747
1746113739.215089,-0.426373,-0.626956,0.638273,0.089604,-0.056512,-0.220927
1746113739.314891,-0.443300,-0.635727,0.631235,0.083555,-0.057304,-0.229674
1746113739.415436,-0.461028,-0.645000,0.623917,0.096387,-0.056103,-0.225098
1746113739.515523,-0.479073,-0.653789,0.615854,0.099370,-0.060895,-0.222429
1746113739.615940,-0.497635,-0.662624,0.608378,0.091786,-0.057248,-0.201587
1746113739.716169,-0.517422,-0.671490,0.601479,0.092360,-0.050117,-0.195898
1746113739.816449,-0.536396,-0.678987,0.594428,0.090581,-0.054290,-0.183327
1746113739.916777,-0.556492,-0.686375,0.587030,0.083652,-0.054307,-0.150546
1746113740.017111,-0.575797,-0.693676,0.580248,0.080545,-0.048640,-0.135745
1746113740.117375,-0.595592,-0.699694,0.574207,0.089705,-0.044862,-0.092797
1746113740.217606,-0.615356,-0.704922,0.568275,0.103782,-0.029573,-0.061694
1746113740.317989,-0.635802,-0.708576,0.562056,0.095590,-0.028267,-0.027676
1746113740.418235,-0.657236,-0.712287,0.555582,0.104905,-0.027675,-0.001184
1746113740.518454,-0.678826,-0.715613,0.548527,0.112106,-0.016940,0.025383
1746113740.618744,-0.700909,-0.719581,0.541585,0.112423,-0.009538,0.046692
1746113740.719047,-0.723120,-0.723791,0.533308,0.105339,-0.007206,0.075427
1746113740.819303,-0.743926,-0.728580,0.525963,0.102394,-0.001640,0.096171
1746113740.919763,-0.767277,-0.734313,0.516400,0.103698,0.003432,0.117457
1746113741.020157,-0.788372,-0.739893,0.508178,0.109257,0.012910,0.134302
1746113741.120470,-0.808946,-0.746091,0.500183,0.100327,0.007492,0.159638
1746113741.220588,-0.828750,-0.753086,0.492419,0.115969,0.018942,0.172021
1746113741.320878,-0.848623,-0.761209,0.483764,0.104060,0.006026,0.187379
1746113741.421176,-0.867539,-0.770718,0.474628,0.096175,0.001085,0.212625
1746113741.521442,-0.886973,-0.780660,0.464915,0.091913,-0.007946,0.231612
1746113741.621586,-0.906594,-0.789786,0.453508,0.112377,0.009574,0.250655
1746113741.721838,-0.926063,-0.797857,0.441914,0.082642,0.015461,0.257005
1746113741.822072,-0.947367,-0.804431,0.428611,0.066694,0.012415,0.271714
1746113741.922334,-0.968906,-0.809684,0.414742,0.067401,0.016735,0.249139
1746113742.022668,-0.990117,-0.812455,0.400543,0.066679,0.009967,0.225329
1746113742.123047,-1.005618,-0.814862,0.390855,0.097736,0.009775,0.215863
1746113742.223438,-1.027197,-0.816207,0.376644,0.082416,0.019731,0.197678
1746113742.323614,-1.047377,-0.816287,0.360489,0.081377,0.050716,0.163306
1746113742.423768,-1.065436,-0.813744,0.345064,0.045055,0.051784,0.159542
1746113742.524052,-1.080622,-0.807989,0.331762,0.073332,0.030851,0.149720
1746113742.624374,-1.093448,-0.801311,0.322761,0.091808,-0.000889,0.124031
1746113742.724670,-1.105609,-0.793133,0.316811,0.051316,-0.011693,0.121080
1746113742.825001,-1.114910,-0.783958,0.315574,0.095949,-0.005845,0.123420
1746113742.925278,-1.125960,-0.776994,0.317353,0.099242,0.007309,0.083545
1746113743.025577,-1.137693,-0.766536,0.318330,0.087401,-0.014297,0.081797
1746113743.125924,-1.148177,-0.759755,0.319892,0.091334,-0.001799,0.072882
1746113743.226240,-1.161349,-0.751480,0.319909,0.081599,-0.030266,0.052931
1746113743.326257,-1.172434,-0.746225,0.321353,0.139532,-0.011597,0.033837
1746113743.426575,-1.185245,-0.740095,0.322418,0.126660,-0.022940,-0.007934
1746113743.526974,-1.195713,-0.733170,0.322838,0.126744,-0.020891,-0.014007
1746113743.627249,-1.207983,-0.727104,0.318668,0.148561,-0.030614,-0.027325
1746113743.727449,-1.219648,-0.725505,0.313660,0.110959,-0.011496,-0.061452
1746113743.827840,-1.229922,-0.721610,0.308154,0.118593,-0.025677,-0.065590
1746113743.928085,-1.242733,-0.719331,0.299032,0.155886,-0.009340,-0.101235
1746113744.028331,-1.252224,-0.717118,0.292246,0.122273,-0.048756,-0.104427
1746113744.128763,-1.263957,-0.716626,0.281340,0.127213,-0.014425,-0.101677
1746113744.228979,-1.275776,-0.715814,0.271058,0.112181,-0.027746,-0.119721
1746113744.329534,-1.294728,-0.717784,0.257792,0.094047,-0.036890,-0.146626
1746113744.429897,-1.301575,-0.718769,0.255832,0.071949,-0.046869,-0.168941
1746113744.530238,-1.317435,-0.719616,0.252486,0.115126,-0.031689,-0.196307
1746113744.630595,-1.332548,-0.721050,0.250470,0.108763,0.001222,-0.198169
1746113744.731035,-1.348299,-0.719944,0.248444,0.088329,-0.037397,-0.235776
1746113744.831012,-1.362128,-0.719568,0.249303,0.070619,-0.030817,-0.266566
1746113744.931568,-1.374522,-0.719477,0.250564,0.115103,-0.052934,-0.303099
1746113745.031976,-1.389245,-0.717935,0.250173,0.083053,-0.052944,-0.307267
1746113745.132258,-1.402971,-0.716791,0.251570,0.106717,-0.063654,-0.331714
1746113745.232546,-1.420624,-0.715828,0.249842,0.083019,-0.037131,-0.309373
1746113745.332930,-1.425258,-0.715729,0.258228,0.094708,-0.041618,-0.301618
1746113745.432951,-1.438785,-0.715421,0.259448,0.101864,-0.054904,-0.285035
1746113745.533132,-1.448838,-0.715170,0.262525,0.173410,-0.043930,-0.241658
1746113745.633031,-1.461079,-0.714301,0.263058,0.066012,-0.058268,-0.223311
1746113745.733527,-1.469703,-0.713303,0.266040,0.126227,-0.101322,-0.227756
1746113745.833858,-1.477973,-0.712705,0.266936,0.081153,-0.059507,-0.213338
1746113745.934109,-1.490798,-0.710904,0.263998,0.076721,-0.042721,-0.186685
1746113746.034374,-1.502037,-0.708956,0.266536,0.164334,-0.062760,-0.178192
1746113746.134659,-1.511875,-0.704513,0.268612,0.070178,-0.034096,-0.149443
1746113746.235042,-1.522644,-0.703685,0.269566,0.110326,-0.043503,-0.117001
1746113746.335301,-1.544400,-0.702840,0.261303,0.059502,-0.036025,-0.100237
1746113746.435499,-1.539965,-0.703956,0.270442,0.114360,-0.041144,-0.096909
1746113746.535571,-1.547696,-0.705495,0.270370,0.078864,-0.051073,-0.070072
1746113746.635878,-1.556067,-0.706436,0.271206,0.096910,-0.060851,-0.071355
1746113746.736077,-1.563089,-0.709015,0.273925,0.066713,-0.048647,-0.059476
1746113746.836453,-1.570581,-0.711739,0.276450,0.099747,-0.050933,-0.060934
1746113746.936743,-1.584819,-0.713502,0.272423,0.104142,-0.033075,-0.049661
1746113747.037214,-1.594362,-0.714838,0.272960,0.136252,-0.054196,-0.058596
1746113747.137318,-1.593949,-0.718115,0.282101,0.409723,-0.027466,-0.042440
1746113747.237971,-1.602656,-0.716790,0.277442,0.060759,-0.035918,-0.030327
1746113747.337962,-1.611202,-0.716593,0.277147,0.082239,-0.004503,-0.008639
1746113747.438493,-1.622161,-0.717496,0.276265,0.116491,-0.033358,0.041026
1746113747.538908,-1.626958,-0.718456,0.277105,0.099772,-0.041106,0.064320
1746113747.639064,-1.646234,-0.719760,0.271266,0.099036,-0.034068,0.081347
1746113747.739304,-1.653983,-0.721594,0.272091,0.090145,-0.047392,0.092476
1746113747.839881,-1.605776,-0.729009,0.307837,1.298908,0.566602,-1.877501
1746113747.940244,-1.643090,-0.730381,0.286467,0.033614,-0.014008,0.154313
1746113748.040325,-1.644555,-0.735299,0.287005,0.101981,-0.032691,0.174307
1746113748.141154,-1.648295,-0.740683,0.291402,0.282218,0.032906,0.225707
1746113748.241100,-1.651389,-0.743621,0.284482,-0.149084,-0.057229,0.218826
1746113748.341153,-1.651389,-0.743621,0.284482,-0.149084,-0.057229,0.218826
1746113748.441442,-1.651389,-0.743621,0.284482,-0.149084,-0.057229,0.218826
1746113748.541771,-1.663306,-0.750769,0.284876,0.023842,-0.012400,0.280987
1746113748.642162,-1.665978,-0.751019,0.285740,0.065174,-0.008622,0.324642
1746113748.742462,-1.668846,-0.747277,0.284505,0.041875,-0.037199,0.309134
1746113748.842716,-1.673342,-0.746802,0.285820,0.085259,0.001945,0.377926
1746113748.943069,-1.678218,-0.738248,0.284629,-0.015821,-0.023849,0.373808
1746113749.043345,-1.700531,-0.728202,0.274749,0.075099,0.004856,0.381576
1746113749.143598,7.020860,-1.210588,0.511428,1.414416,-0.973507,1.940581
1746113749.243942,-1.700990,-0.700551,0.270617,0.563572,0.046999,0.316882
1746113749.344211,-1.700990,-0.700551,0.270617,0.563572,0.046999,0.316882
1746113749.444428,-1.717795,-0.678894,0.284741,0.069981,0.019864,0.406946
1746113749.544734,-1.741188,-0.662454,0.277463,0.053399,0.015432,0.392369
1746113749.645104,-1.746835,-0.647805,0.279527,0.060778,0.015207,0.382944
1746113749.745326,-1.741756,-0.635683,0.284455,-0.281969,-0.128327,0.437609
1746113749.845509,-1.741756,-0.635683,0.284455,-0.281969,-0.128327,0.437609
1746113749.945845,-1.741756,-0.635683,0.284455,-0.281969,-0.128327,0.437609
1746113750.046246,-1.772578,-0.590489,0.285095,0.070545,-0.000267,0.351877
1746113750.146471,-1.788858,-0.575733,0.279883,0.049337,0.006182,0.334988
1746113750.246773,-1.790891,-0.561781,0.281709,0.192343,-0.006398,0.336592
1746113750.346924,-1.814697,-0.545934,0.273214,0.111807,0.012203,0.290948
1746113750.447536,-1.828023,-0.530481,0.269687,0.113718,-0.003198,0.285057
1746113750.547937,-1.843603,-0.517194,0.268381,0.099968,0.001129,0.270742
1746113750.648269,-1.852293,-0.504597,0.271028,0.080924,0.010909,0.257521
1746113867.737464,-0.442839,-0.707773,0.825736,0.099664,-0.012017,0.045047
1746113867.837452,-0.440666,-0.703307,0.827771,0.116469,-0.011197,0.031502
1746113867.938156,-0.439392,-0.699115,0.829797,0.108750,-0.010831,0.039223
1746113868.038536,-0.438706,-0.695473,0.831257,0.108006,-0.011335,0.046812
1746113868.138883,-0.437994,-0.691879,0.832595,0.113161,-0.018140,0.048676
1746113868.239230,-0.439052,-0.689414,0.832340,0.116050,-0.011383,0.045353
1746113868.339516,-0.439124,-0.686228,0.833203,0.109304,-0.015804,0.051883
1746113868.439753,-0.440715,-0.684493,0.833299,0.110666,-0.002850,0.042224
1746113868.540175,-0.441907,-0.682274,0.833160,0.111196,-0.005432,0.040972
1746113868.640314,-0.442704,-0.680183,0.833299,0.110754,0.005002,0.053442
1746113868.740518,-0.443606,-0.678525,0.833078,0.120185,0.000961,0.040125
1746113868.840822,-0.443575,-0.676963,0.835262,0.118023,0.002544,0.032201
1746113868.941187,-0.441855,-0.675542,0.840348,0.139456,0.010605,0.010899
1746113869.041453,-0.440793,-0.676908,0.845787,0.124619,0.001970,0.008533
1746113869.141745,-0.437081,-0.679120,0.854276,0.131947,0.013071,0.003954
1746113869.242096,-0.431675,-0.681733,0.863797,0.114909,0.007407,-0.003182
1746113869.342318,-0.423775,-0.685703,0.873867,0.112399,0.004472,-0.010167
1746113869.442441,-0.415850,-0.691800,0.883180,0.115015,0.005042,-0.021395
1746113869.542738,-0.404953,-0.698165,0.894190,0.125257,0.001722,-0.029222
1746113869.642856,-0.393458,-0.705686,0.905143,0.111490,-0.001813,-0.046665
1746113869.743011,-0.381186,-0.714553,0.916527,0.117367,-0.003919,-0.054515
1746113869.843251,-0.367823,-0.723148,0.927555,0.120458,-0.005755,-0.078554
1746113869.943463,-0.354619,-0.733409,0.937834,0.114007,-0.010598,-0.091109
1746113870.043646,-0.340328,-0.743269,0.949141,0.108490,-0.010088,-0.103967
1746113870.144070,-0.326047,-0.754224,0.959956,0.112210,-0.016981,-0.121930
1746113870.244375,-0.312103,-0.765276,0.970475,0.111207,-0.011863,-0.134528
1746113870.344574,-0.297426,-0.778095,0.982601,0.116528,-0.011665,-0.116398
1746113870.444669,-0.283563,-0.791018,0.993062,0.111515,-0.015420,-0.106370
1746113870.545262,-0.274326,-0.799507,1.000167,0.114879,-0.015323,-0.099316
1746113870.645395,-0.255474,-0.818725,1.014763,0.112737,-0.017812,-0.086350
1746113870.745896,-0.241613,-0.833285,1.025102,0.116171,-0.014419,-0.075871
1746113870.845878,-0.227209,-0.848514,1.035162,0.115445,-0.008368,-0.060011
1746113870.946072,-0.217544,-0.858616,1.041696,0.102677,-0.004923,-0.050822
1746113871.046433,-0.202820,-0.874041,1.052029,0.108250,-0.009535,-0.036885
1746113871.146687,-0.188740,-0.889199,1.061158,0.106944,0.001787,-0.026629
1746113871.246996,-0.173596,-0.905082,1.071114,0.112655,-0.000042,-0.012072
1746113871.347391,-0.158492,-0.921332,1.080315,0.106444,0.001786,0.001994
1746113871.447630,-0.143732,-0.937154,1.088793,0.109769,0.002935,0.010253
1746113871.547948,-0.128612,-0.954154,1.096726,0.108767,-0.000549,0.027738
1746113871.648261,-0.113872,-0.970517,1.104482,0.103135,0.003316,0.042515
1746113871.748495,-0.098666,-0.987637,1.112711,0.103930,0.011806,0.058165
1746113871.848956,-0.083488,-1.004706,1.121602,0.106999,0.013576,0.074572
1746113871.949221,-0.068418,-1.020836,1.130111,0.096160,0.017933,0.088091
1746113872.049518,-0.052268,-1.037564,1.138546,0.093836,0.019467,0.108053
1746113872.149781,-0.036042,-1.053119,1.146723,0.093279,0.020680,0.119126
1746113872.250192,-0.018870,-1.069468,1.155200,0.102296,0.026081,0.139596
1746113872.350443,-0.001731,-1.085345,1.163487,0.098866,0.023647,0.153276
1746113872.450619,0.015341,-1.100612,1.171836,0.090152,0.028975,0.169515
1746113872.551066,0.032472,-1.115801,1.180092,0.106479,0.030678,0.180745
1746113872.651268,0.050313,-1.129838,1.188401,0.090289,0.023733,0.175499
1746113872.751534,0.068383,-1.143825,1.196658,0.094867,0.030020,0.161735
1746113872.851907,0.087693,-1.157363,1.205995,0.097514,0.031726,0.146125
1746113872.952201,0.107215,-1.171287,1.215637,0.092322,0.030527,0.130428
1746113873.052452,0.127097,-1.185139,1.225390,0.094985,0.022718,0.113280
1746113873.152769,0.147390,-1.199431,1.235070,0.105791,0.016329,0.096708
1746113873.253132,0.167482,-1.213754,1.244289,0.097853,0.015959,0.080821
1746113873.353388,0.187292,-1.228386,1.253264,0.096862,0.010845,0.063040
1746113873.453477,0.208086,-1.243641,1.262960,0.096295,0.009434,0.050229
1746113873.554139,0.226932,-1.257951,1.271716,0.093775,0.007803,0.035839
1746113873.654001,0.247118,-1.273572,1.281030,0.090100,0.006815,0.019968
1746113873.753951,0.266261,-1.288774,1.290042,0.096013,0.006142,0.004302
1746113873.854429,0.285298,-1.303833,1.299111,0.095801,0.002979,-0.009694
1746113873.954761,0.304459,-1.318742,1.308263,0.098231,0.003503,-0.021891
1746113874.055175,0.323675,-1.333628,1.317410,0.102633,0.001732,-0.034221
1746113874.155492,0.342672,-1.348449,1.326667,0.101601,-0.004545,-0.048521
1746113874.255766,0.362010,-1.363404,1.335897,0.106001,-0.003837,-0.066178
1746113874.356133,0.380894,-1.379148,1.345114,0.102091,-0.005371,-0.080576
1746113874.456424,0.399589,-1.395467,1.354020,0.101723,-0.009071,-0.093857
1746113874.556735,0.418118,-1.412074,1.362840,0.101557,-0.008598,-0.108575
1746113874.657134,0.436457,-1.428763,1.371872,0.101971,-0.009140,-0.122393
1746113874.757432,0.454394,-1.445489,1.380727,0.106225,-0.009616,-0.135243
1746113874.857689,0.472377,-1.461997,1.389485,0.104507,-0.009406,-0.147152
1746113874.958082,0.489921,-1.478365,1.398246,0.108064,-0.009154,-0.156897
1746113875.058442,0.507504,-1.494439,1.407586,0.114612,-0.011714,-0.168333
1746113875.158677,0.525727,-1.510880,1.417382,0.116848,-0.011464,-0.180106
1746113875.258900,0.542914,-1.526807,1.426518,0.119092,-0.020585,-0.190744
1746113875.359460,0.559320,-1.542031,1.435380,0.114164,-0.020467,-0.191746
1746113875.459436,0.576699,-1.558936,1.444778,0.118245,-0.015348,-0.172079
1746113875.559583,0.593317,-1.575285,1.453486,0.119925,-0.012657,-0.155422
1746113875.659680,0.609823,-1.591951,1.462340,0.119679,-0.012337,-0.136282
1746113875.760408,0.626521,-1.608782,1.471171,0.117513,-0.010717,-0.119733
1746113875.860970,0.639366,-1.621740,1.477475,0.113952,-0.005755,-0.104713
1746113875.961078,0.656025,-1.638039,1.485761,0.118990,-0.003715,-0.089162
1746113876.061369,0.674176,-1.655673,1.494796,0.117884,-0.004201,-0.069609
1746113876.161859,0.692643,-1.672883,1.503570,0.112055,-0.003540,-0.051852
1746113876.262141,0.710632,-1.689061,1.512064,0.116889,-0.004144,-0.033441
1746113876.362335,0.729787,-1.705403,1.521110,0.119065,0.004129,-0.015957
1746113876.462630,0.749541,-1.721403,1.530310,0.120099,0.007777,0.004699
1746113876.563085,0.769042,-1.736739,1.539032,0.120010,0.008676,0.021223
1746113876.663288,0.790114,-1.752640,1.547904,0.114904,0.008335,0.036552
1746113876.763677,0.810724,-1.767886,1.555965,0.112542,0.007593,0.050407
1746113876.863977,0.832406,-1.783694,1.564254,0.111967,0.009249,0.063265
1746113876.964114,0.853751,-1.798526,1.572744,0.107619,0.010893,0.075601
1746113877.064360,0.876048,-1.814016,1.581711,0.112054,0.008818,0.085776
1746113877.164852,0.898468,-1.829317,1.590832,0.111482,0.010819,0.099462
1746113877.265209,0.919938,-1.843841,1.599401,0.110688,0.013952,0.113866
1746113877.365531,0.941511,-1.858231,1.607712,0.107674,0.015528,0.125939
1746113877.466058,0.963289,-1.872131,1.615919,0.108417,0.018298,0.142892
1746113877.565755,0.986214,-1.886232,1.624078,0.108827,0.018771,0.159676
1746113877.666031,1.008397,-1.899439,1.631821,0.112602,0.024864,0.171333
1746113877.766088,1.030857,-1.912491,1.639829,0.111746,0.026530,0.189707
1746113877.866229,1.053900,-1.925421,1.647732,0.108132,0.030077,0.195371
1746113877.966373,1.077299,-1.938527,1.655897,0.104697,0.026494,0.183796
1746113878.066519,1.100963,-1.951795,1.664416,0.101241,0.024236,0.173525
1746113878.166490,1.125193,-1.964981,1.673181,0.100923,0.026356,0.161693
1746113878.266724,1.149928,-1.977803,1.682187,0.097432,0.026060,0.150221
1746113878.367187,1.175277,-1.989929,1.691516,0.104793,0.024809,0.138057
1746113878.467426,1.201186,-2.001643,1.701204,0.107410,0.026150,0.127462
1746113878.567754,1.227319,-2.013190,1.710774,0.109233,0.023291,0.115578
1746113878.668077,1.254013,-2.024768,1.720547,0.107558,0.021711,0.102387
1746113878.768049,1.280929,-2.036361,1.729866,0.108902,0.017857,0.087436
1746113878.868567,1.308144,-2.048120,1.739054,0.109289,0.018319,0.076087
1746113878.969021,1.335461,-2.059651,1.747554,0.106560,0.015348,0.061926
1746113879.069356,1.362855,-2.071229,1.755661,0.113108,0.008362,0.046693
1746113879.169704,1.390172,-2.082623,1.763473,0.117048,0.002931,0.032701
1746113879.270045,1.417985,-2.094703,1.771174,0.120345,-0.000227,0.015721
1746113879.369999,1.444324,-2.106900,1.778626,0.124645,-0.002365,-0.001381
1746113879.470403,1.470164,-2.119839,1.786729,0.123066,0.000457,-0.017322
1746113879.570628,1.482504,-2.126195,1.790945,0.124400,-0.000305,-0.026762
1746113879.671188,1.521486,-2.147589,1.805178,0.124250,0.000291,-0.051079
1746113879.771255,1.547230,-2.162312,1.815303,0.123570,-0.002615,-0.069082
1746113879.871400,1.573166,-2.177487,1.825434,0.123625,-0.006764,-0.085638
1746113879.971655,1.599268,-2.192724,1.835397,0.124643,-0.012167,-0.093646
1746113880.072080,1.625242,-2.208616,1.845206,0.130944,-0.015163,-0.118714
1746113880.172451,1.650786,-2.225140,1.855087,0.128424,-0.021957,-0.134662
1746113880.272686,1.675597,-2.242085,1.864779,0.128030,-0.027021,-0.152397
1746113880.373016,1.699727,-2.259441,1.873794,0.128436,-0.026964,-0.166490
1746113880.473286,1.715609,-2.271440,1.879605,0.129864,-0.025326,-0.175398
1746113880.573372,1.745323,-2.294324,1.889874,0.123573,-0.025595,-0.198082
1746113880.673834,1.767035,-2.312412,1.896678,0.127690,-0.027161,-0.210442
1746113880.773993,1.782865,-2.326696,1.901432,0.132774,-0.030395,-0.224042
1746113880.874340,1.803318,-2.345837,1.907258,0.131462,-0.028025,-0.240689
1746113880.974553,1.824476,-2.366527,1.913046,0.129101,-0.023565,-0.252822
1746113881.074954,1.844270,-2.387250,1.918890,0.136119,-0.022756,-0.240365
1746113881.175061,1.864376,-2.410062,1.925207,0.135152,-0.025946,-0.223662
1746113881.275299,1.884252,-2.433763,1.932554,0.116155,-0.031876,-0.208231
1746200085815.000000,-0.272288,-1.301212,0.844581,0.023253,-0.123295,-0.088561
1746200085916.000000,-0.273030,-1.305347,0.844051,0.021925,-0.120363,-0.082798
1746200086016.000000,-0.274179,-1.309332,0.843026,0.022966,-0.127113,-0.084347
1746200086116.000000,-0.275465,-1.313182,0.842084,0.022676,-0.121191,-0.087300
1746200086216.000000,-0.276595,-1.317503,0.841156,0.017452,-0.122514,-0.085514
1746200086317.000000,-0.277463,-1.319649,0.841124,0.005629,-0.113875,-0.068351
1746200086417.000000,-0.278969,-1.324468,0.841464,0.018752,-0.123592,-0.074899
1746200086517.000000,-0.280879,-1.328070,0.842401,0.018000,-0.131186,-0.082891
1746200086617.000000,-0.282732,-1.331765,0.844138,0.020590,-0.132305,-0.077955
1746200086718.000000,-0.284016,-1.333770,0.845213,0.009948,-0.129986,-0.083411
1746200086818.000000,-0.287069,-1.338587,0.847095,0.016698,-0.130955,-0.079852
1746200086918.000000,-0.289628,-1.341663,0.848515,0.010243,-0.128151,-0.082263
1746200087018.000000,-0.291970,-1.343848,0.850427,0.009558,-0.124830,-0.087289
1746200087119.000000,-0.294271,-1.346228,0.851286,0.022372,-0.127703,-0.081853
1746200087219.000000,-0.296171,-1.347496,0.853107,0.007719,-0.121044,-0.085178
1746200087319.000000,-0.297526,-1.347859,0.854879,0.018352,-0.121959,-0.084604
1746200087419.000000,-0.298201,-1.347788,0.859330,0.009215,-0.115855,-0.077927
1746200087519.000000,-0.297361,-1.346648,0.865620,0.012651,-0.109313,-0.082530
1746200087619.000000,-0.295268,-1.344645,0.872992,0.008528,-0.107461,-0.078309
1746200087720.000000,-0.291762,-1.341381,0.880707,0.003395,-0.111223,-0.080270
1746200087820.000000,-0.287166,-1.336379,0.889700,0.010823,-0.112636,-0.071581
1746200087920.000000,-0.282138,-1.330503,0.898739,0.014590,-0.108720,-0.067462
1746200088020.000000,-0.275031,-1.322791,0.908223,0.007906,-0.106457,-0.073207
1746200088120.000000,-0.266951,-1.314375,0.918071,0.008118,-0.111991,-0.078383
1746200088221.000000,-0.258201,-1.304663,0.927787,0.013394,-0.116748,-0.084527
1746200088321.000000,-0.248370,-1.294504,0.937946,0.001269,-0.107611,-0.079310
1746200088421.000000,-0.238244,-1.283363,0.947801,0.009669,-0.111104,-0.083400
1746200088522.000000,-0.227688,-1.271825,0.957707,0.015747,-0.117883,-0.083787
1746200088622.000000,-0.217412,-1.259920,0.967096,0.021620,-0.105852,-0.082434
1746200088722.000000,-0.207168,-1.247735,0.976239,0.006186,-0.105332,-0.084489
1746200088822.000000,-0.196948,-1.235797,0.985263,0.012157,-0.109431,-0.094004
1746200088923.000000,-0.187270,-1.223947,0.993836,0.012275,-0.111544,-0.099910
1746200089023.000000,-0.177552,-1.212503,1.002589,0.019126,-0.106103,-0.104805
1746200089123.000000,-0.167336,-1.200819,1.011094,0.007859,-0.112833,-0.104974
1746200089223.000000,-0.156945,-1.189323,1.019705,0.008375,-0.111595,-0.111732
1746200089323.000000,-0.146118,-1.177229,1.028850,0.004417,-0.106534,-0.109223
1746200089424.000000,-0.134894,-1.165152,1.038113,0.002681,-0.109940,-0.111199
1746200089524.000000,-0.122570,-1.152492,1.047453,0.008158,-0.109969,-0.108652
1746200089624.000000,-0.110166,-1.139782,1.056940,0.010451,-0.111236,-0.109920
1746200089724.000000,-0.096911,-1.127284,1.066914,0.003556,-0.117752,-0.107986
1746200089824.000000,-0.082938,-1.114509,1.077243,-0.005177,-0.117235,-0.107262
1746200089925.000000,-0.068458,-1.101643,1.088057,0.003317,-0.115533,-0.107105
1746200090025.000000,-0.053696,-1.088685,1.098943,0.007782,-0.116187,-0.105974
1746200090125.000000,-0.038256,-1.075003,1.110757,0.006599,-0.117693,-0.107477
1746200090225.000000,-0.022444,-1.061261,1.121902,0.009867,-0.117385,-0.102074
1746200090325.000000,-0.006385,-1.047269,1.133109,0.007174,-0.120101,-0.094998
1746200090426.000000,0.003910,-1.038280,1.140194,0.002115,-0.120180,-0.093411
1746200090526.000000,0.025524,-1.019464,1.155061,0.008565,-0.123755,-0.090265
1746200090626.000000,0.041507,-1.005523,1.166370,0.009481,-0.118412,-0.087777
1746200090726.000000,0.057132,-0.991320,1.177501,0.007296,-0.115829,-0.082690
1746200090827.000000,0.073215,-0.976736,1.188814,0.010227,-0.116623,-0.083248
1746200090927.000000,0.089365,-0.962109,1.199675,0.007779,-0.117257,-0.080349
1746200091027.000000,0.101953,-0.950921,1.207678,0.009410,-0.116872,-0.081136
1746200091127.000000,0.117842,-0.936607,1.217221,0.001718,-0.118079,-0.079451
1746200091227.000000,0.135260,-0.920767,1.227518,0.006331,-0.121177,-0.081083
1746200091328.000000,0.151782,-0.904729,1.237188,0.009179,-0.120530,-0.078935
1746200091428.000000,0.168090,-0.888387,1.246893,0.011427,-0.118572,-0.076612
1746200091528.000000,0.185264,-0.870965,1.256910,0.013378,-0.114267,-0.079864
1746200091628.000000,0.202641,-0.853437,1.267047,0.012181,-0.114871,-0.078241
1746200091729.000000,0.219901,-0.835827,1.277185,0.012050,-0.119690,-0.078678
1746200091829.000000,0.236705,-0.818904,1.287078,0.014232,-0.116809,-0.077447
1746200091929.000000,0.254026,-0.801815,1.297193,0.008540,-0.117723,-0.073779
1746200092030.000000,0.272336,-0.784210,1.307796,0.008333,-0.116937,-0.074225
1746200092130.000000,0.288634,-0.768441,1.317366,0.003957,-0.115403,-0.070928
1746200092230.000000,0.306944,-0.750137,1.328308,0.005199,-0.114329,-0.070995
1746200092330.000000,0.319978,-0.737012,1.335928,0.010221,-0.113186,-0.069774
1746200092430.000000,0.341343,-0.715041,1.348668,0.010663,-0.116836,-0.067675
1746200092531.000000,0.358430,-0.696958,1.358660,0.014931,-0.118680,-0.067770
1746200092631.000000,0.375279,-0.678558,1.368226,0.014374,-0.115887,-0.068009
1746200092731.000000,0.391774,-0.659787,1.377407,0.013574,-0.115264,-0.067368
1746200092831.000000,0.408012,-0.640636,1.386525,0.017209,-0.115178,-0.068755
1746200092932.000000,0.424817,-0.620593,1.396100,0.013972,-0.113838,-0.066208
1746200093032.000000,0.440139,-0.601981,1.405404,0.015357,-0.109312,-0.064304
1746200093132.000000,0.456089,-0.582346,1.415259,0.014388,-0.110882,-0.058907
1746200093232.000000,0.472153,-0.562404,1.425425,0.012448,-0.109824,-0.055856
1746200093332.000000,0.488913,-0.541324,1.436209,0.012610,-0.108116,-0.052323
1746200093433.000000,0.505361,-0.520431,1.446653,0.013755,-0.109076,-0.050049
1746200093533.000000,0.521458,-0.499921,1.457051,0.013573,-0.106478,-0.048953
1746200093633.000000,0.537742,-0.478891,1.467764,0.014541,-0.107081,-0.049837
1746200093733.000000,0.556070,-0.454629,1.480125,0.014515,-0.109198,-0.050388
1746200093834.000000,0.573047,-0.432011,1.491330,0.015989,-0.110519,-0.051778
1746200093934.000000,0.589944,-0.409230,1.502020,0.017197,-0.110351,-0.051887
1746200094034.000000,0.607079,-0.386494,1.512244,0.015738,-0.106395,-0.050053
1746200094134.000000,0.624379,-0.363900,1.521599,0.016357,-0.108626,-0.050319
1746200094234.000000,0.642077,-0.341514,1.530422,0.017723,-0.106979,-0.050167
1746200094335.000000,0.660009,-0.319210,1.539317,0.018511,-0.108002,-0.049723
1746200094435.000000,0.677947,-0.297380,1.548220,0.023500,-0.109994,-0.049047
1746200094535.000000,0.696001,-0.276071,1.557090,0.025752,-0.108614,-0.050698
1746200094635.000000,0.713815,-0.255451,1.565731,0.026088,-0.108622,-0.050716
1746200094736.000000,0.731596,-0.235579,1.574568,0.026976,-0.108779,-0.050011
1746200094836.000000,0.749175,-0.216696,1.583600,0.027779,-0.108580,-0.049731
1746200094936.000000,0.767510,-0.198011,1.593027,0.031196,-0.107137,-0.049601
1746200095036.000000,0.785501,-0.180959,1.601866,0.031144,-0.104333,-0.051368
1746200095136.000000,0.803779,-0.164572,1.610456,0.030700,-0.103311,-0.050349
1746200095237.000000,0.821615,-0.149469,1.618728,0.034022,-0.103001,-0.051178
1746200095337.000000,0.841212,-0.133914,1.627665,0.035318,-0.104997,-0.052080
1746200095437.000000,0.860143,-0.119771,1.636372,0.038076,-0.107033,-0.052290
1746200095537.000000,0.878965,-0.106557,1.645122,0.040996,-0.109183,-0.052755
1746200095638.000000,0.897723,-0.094272,1.653628,0.041186,-0.107193,-0.052739
1746200095738.000000,0.910496,-0.086430,1.659300,0.040950,-0.105320,-0.052710
1746200095838.000000,0.930073,-0.075203,1.668035,0.042213,-0.101990,-0.051620
1746200095938.000000,0.948933,-0.065469,1.676314,0.045078,-0.105280,-0.050536
1746200096039.000000,0.967808,-0.056771,1.684468,0.049314,-0.108818,-0.050963
1746200096139.000000,0.987252,-0.049377,1.693166,0.050191,-0.110254,-0.050979
1746200096239.000000,1.006683,-0.043717,1.701920,0.045019,-0.107802,-0.051208
1746200096339.000000,1.025511,-0.039922,1.710485,0.044210,-0.103632,-0.049576
1746200096440.000000,1.045042,-0.037235,1.719298,0.044775,-0.107698,-0.050833
1746200096540.000000,1.064916,-0.035690,1.727866,0.042851,-0.107563,-0.050498
1746200096640.000000,1.084236,-0.035092,1.735802,0.042171,-0.107204,-0.049395
1746200096740.000000,1.104264,-0.035242,1.743507,0.044905,-0.110437,-0.048926
1746200096840.000000,1.124420,-0.036146,1.750818,0.044927,-0.109419,-0.050037
1746200096941.000000,1.143925,-0.037769,1.757493,0.043035,-0.104804,-0.049346
1746200097041.000000,1.164370,-0.040072,1.764410,0.042183,-0.103990,-0.048527
1746200097141.000000,1.184180,-0.042807,1.770971,0.042796,-0.106670,-0.049513
1746200097241.000000,1.205005,-0.046150,1.777907,0.042142,-0.106286,-0.049317
1746200097341.000000,1.225431,-0.049693,1.784689,0.044229,-0.104736,-0.048803
1746200097442.000000,1.245269,-0.053518,1.791040,0.044977,-0.105867,-0.048835
1746200097542.000000,1.265531,-0.057716,1.797354,0.043578,-0.105934,-0.048231
1746200097642.000000,1.288778,-0.063075,1.804420,0.041664,-0.107208,-0.048719
1746200097742.000000,1.310415,-0.068664,1.811063,0.043328,-0.107962,-0.048724
1746200097842.000000,1.332211,-0.074530,1.817833,0.040901,-0.108682,-0.048528
1746200097943.000000,1.354159,-0.080620,1.824842,0.038425,-0.107041,-0.048827
1746200098043.000000,1.376150,-0.086850,1.831869,0.036557,-0.108733,-0.048793
1746200098143.000000,1.398234,-0.092862,1.838959,0.035516,-0.109263,-0.048565
1746200098243.000000,1.420202,-0.098599,1.846261,0.034298,-0.110859,-0.049441
1746200098343.000000,1.442162,-0.104006,1.853779,0.034312,-0.109371,-0.049142
1746200098444.000000,1.464165,-0.109178,1.861574,0.035501,-0.110148,-0.050427
1746200098544.000000,1.486318,-0.114057,1.869494,0.036884,-0.108383,-0.049055
1746200098644.000000,1.509612,-0.119070,1.878141,0.035362,-0.106900,-0.049329
1746200098744.000000,1.531512,-0.123538,1.886199,0.034536,-0.107234,-0.049406
1746200098844.000000,1.555289,-0.128390,1.895356,0.038076,-0.113549,-0.048311
1746200098945.000000,1.578027,-0.132769,1.904488,0.035789,-0.114249,-0.049079
1746200099045.000000,1.600400,-0.137021,1.913771,0.035321,-0.112270,-0.046283
1746200099145.000000,1.622202,-0.141256,1.923251,0.038302,-0.111807,-0.047188
1746200099245.000000,1.643383,-0.145597,1.932630,0.034828,-0.110479,-0.045908
1746200099346.000000,1.663760,-0.150121,1.942069,0.032121,-0.106258,-0.046364
1746200099446.000000,1.683314,-0.154766,1.951325,0.031475,-0.104457,-0.047968
1746200099546.000000,1.702271,-0.159247,1.959862,0.033238,-0.101423,-0.047600
1746200099646.000000,1.720427,-0.163636,1.967365,0.032923,-0.104977,-0.047976
1746200099747.000000,1.738196,-0.168034,1.973890,0.030590,-0.105467,-0.048581
1746200099847.000000,1.755334,-0.172475,1.979119,0.027733,-0.106192,-0.048271
1746200099947.000000,1.771660,-0.176877,1.982892,0.025723,-0.110401,-0.048948
1746200100047.000000,1.787060,-0.181068,1.985304,0.025620,-0.111355,-0.048070
1746200100147.000000,1.801627,-0.184660,1.986576,0.023057,-0.110322,-0.048913
1746200100248.000000,1.815288,-0.187659,1.986669,0.022304,-0.109531,-0.050178
1746200100348.000000,1.828223,-0.190055,1.985772,0.023644,-0.108343,-0.051418
1746200100448.000000,1.836965,-0.191456,1.984772,0.023243,-0.111627,-0.051373
1746200100548.000000,1.848328,-0.193108,1.983066,0.024592,-0.114430,-0.051454
1746200100649.000000,1.858875,-0.194359,1.980938,0.023653,-0.118855,-0.053320
1746200100749.000000,1.867655,-0.195337,1.978926,0.022996,-0.119062,-0.053367
1746200100849.000000,1.875423,-0.196449,1.977035,0.026306,-0.120904,-0.053245
1746200100949.000000,1.881576,-0.197606,1.975190,0.025959,-0.121782,-0.056294
1746200101050.000000,1.886714,-0.199000,1.973472,0.023259,-0.121069,-0.058896
1746200101150.000000,1.890730,-0.200673,1.972293,0.024285,-0.119032,-0.061403
1746200101250.000000,1.893511,-0.202195,1.971491,0.021531,-0.119889,-0.065119
1746200101350.000000,1.895430,-0.203791,1.971203,0.022521,-0.119255,-0.069139
1746200101451.000000,1.896674,-0.205499,1.971798,0.021561,-0.119031,-0.074089
1746200101551.000000,1.897474,-0.207038,1.972897,0.018366,-0.119145,-0.074763
1746200101651.000000,1.897775,-0.208306,1.974370,0.017143,-0.122160,-0.077271
1746200101751.000000,1.897375,-0.209048,1.975996,0.018476,-0.124958,-0.081170
1746200101852.000000,1.896352,-0.209415,1.977743,0.021060,-0.122866,-0.083558
1746200101952.000000,1.894560,-0.209489,1.979376,0.020794,-0.121411,-0.086272
1746200102052.000000,1.892132,-0.209611,1.980325,0.021416,-0.120484,-0.090616
1746200102152.000000,1.889517,-0.209549,1.980644,0.020310,-0.118739,-0.091714
1746200102252.000000,1.886674,-0.209353,1.980361,0.020999,-0.120826,-0.093257
1746200102352.000000,1.883931,-0.208736,1.979621,0.018619,-0.118979,-0.093669
1746200102452.000000,1.881416,-0.208034,1.978833,0.017162,-0.117192,-0.091220
1746200102553.000000,1.879351,-0.207378,1.977843,0.018694,-0.116444,-0.089466
1746200102653.000000,1.877654,-0.206648,1.977025,0.018534,-0.116065,-0.085800
1746200102753.000000,1.876079,-0.206255,1.976799,0.019429,-0.116438,-0.082804
1746200102854.000000,1.874553,-0.205982,1.977076,0.018410,-0.118461,-0.083436
1746200102954.000000,1.873080,-0.205718,1.977592,0.017766,-0.119409,-0.082904
1746200103054.000000,1.871395,-0.205504,1.978720,0.018884,-0.120724,-0.081680
1746200103154.000000,1.869635,-0.205486,1.980125,0.018963,-0.121588,-0.080883
1746200103255.000000,1.867691,-0.205410,1.981741,0.018752,-0.119385,-0.076550
1746200103355.000000,1.865596,-0.205685,1.983341,0.020508,-0.119677,-0.074474
1746200103455.000000,1.863504,-0.205755,1.984933,0.021101,-0.117494,-0.069796
1746200103555.000000,1.861516,-0.205852,1.986592,0.015996,-0.114619,-0.067202
1746200103656.000000,1.859603,-0.205985,1.988055,0.017848,-0.117447,-0.063597
1746200103756.000000,1.857818,-0.205864,1.989142,0.018547,-0.117483,-0.060932
1746200103856.000000,1.856034,-0.205538,1.989671,0.017408,-0.116077,-0.057649
1746200103956.000000,1.854506,-0.204677,1.989392,0.018307,-0.113911,-0.054663
1746200104057.000000,1.853141,-0.203646,1.988566,0.019870,-0.112776,-0.051401
1746200104157.000000,1.851854,-0.202144,1.987301,0.020890,-0.112994,-0.046697
1746200104257.000000,1.850749,-0.200558,1.986025,0.022593,-0.114791,-0.045721
1746200104358.000000,1.850046,-0.198657,1.984850,0.022648,-0.109523,-0.046243
1746200104458.000000,1.849663,-0.196670,1.983871,0.022173,-0.108951,-0.046115
1746200104558.000000,1.849789,-0.194413,1.982771,0.022095,-0.109102,-0.047234
1746200104658.000000,1.850456,-0.192046,1.981576,0.022195,-0.108518,-0.047832
1746200104759.000000,1.851199,-0.190361,1.981132,0.020512,-0.106775,-0.047765
1746200104859.000000,1.853300,-0.186780,1.981107,0.022327,-0.109260,-0.049937
1746200104959.000000,1.855151,-0.184061,1.981830,0.025309,-0.112871,-0.049530
1746200105059.000000,1.857240,-0.181422,1.982990,0.027450,-0.111476,-0.050316
1746200105159.000000,1.859271,-0.178923,1.984359,0.025554,-0.112737,-0.049794
1746200105260.000000,1.860632,-0.177278,1.985516,0.026075,-0.111919,-0.049835
1746200105360.000000,1.862739,-0.174804,1.987299,0.023621,-0.113157,-0.049872
1746200105460.000000,1.864650,-0.172451,1.989047,0.021685,-0.111729,-0.049372
1746200105560.000000,1.866526,-0.169922,1.990685,0.024210,-0.113032,-0.049950
1746200105661.000000,1.868533,-0.167356,1.992165,0.022199,-0.112362,-0.050497
1746200105761.000000,1.870373,-0.164684,1.993111,0.025495,-0.112301,-0.049979
1746200105861.000000,1.871962,-0.162088,1.993712,0.026602,-0.113806,-0.051293
1746200105961.000000,1.873735,-0.159401,1.994168,0.025763,-0.111753,-0.050851
1746200106062.000000,1.875319,-0.156799,1.994846,0.026902,-0.112433,-0.049959
1746200106162.000000,1.876919,-0.154274,1.995999,0.030483,-0.115620,-0.050993
1746200106262.000000,1.878552,-0.151730,1.997527,0.031605,-0.116750,-0.050984
1746200106362.000000,1.880194,-0.149270,1.999339,0.033159,-0.116486,-0.051104
1746200106463.000000,1.880896,-0.147053,2.000525,0.037309,-0.128154,-0.052676
1746200106563.000000,1.880041,-0.145438,1.999575,0.040159,-0.144381,-0.054220
1746200106663.000000,1.876824,-0.144517,1.996778,0.035877,-0.151647,-0.056341
1746200106764.000000,1.870681,-0.144350,1.992034,0.034825,-0.153810,-0.062223
1746200106864.000000,1.861423,-0.144738,1.985574,0.032928,-0.150763,-0.066054
1746200106964.000000,1.849100,-0.145654,1.977993,0.032706,-0.150095,-0.070871
1746200107064.000000,1.833151,-0.147229,1.969483,0.037064,-0.154874,-0.073857
1746200107164.000000,1.815750,-0.149091,1.961313,0.038433,-0.156364,-0.075325
1746200107265.000000,1.793998,-0.151832,1.952609,0.036156,-0.154458,-0.074470
1746200107365.000000,1.770415,-0.155058,1.944312,0.040626,-0.154692,-0.073481
1746200107465.000000,1.744468,-0.159236,1.936022,0.041730,-0.152258,-0.070154
1746200107565.000000,1.716484,-0.164403,1.928023,0.041369,-0.150158,-0.065502
1746200107665.000000,1.686747,-0.170490,1.920175,0.038389,-0.151394,-0.066341
1746200107765.000000,1.655692,-0.177097,1.912445,0.033807,-0.149826,-0.067656
1746200107865.000000,1.623420,-0.184214,1.904892,0.031619,-0.149953,-0.071187
1746200107966.000000,1.590014,-0.191657,1.897215,0.031841,-0.150635,-0.075468
1746200108066.000000,1.555478,-0.199280,1.889957,0.027108,-0.150280,-0.079507
1746200108166.000000,1.520281,-0.206762,1.883357,0.026734,-0.148010,-0.080803
1746200108267.000000,1.484839,-0.214211,1.876864,0.026387,-0.143802,-0.083165
1746200108367.000000,1.449415,-0.221416,1.870296,0.025215,-0.139724,-0.082991
1746200108467.000000,1.414129,-0.228386,1.863346,0.026091,-0.139568,-0.082501
1746200108567.000000,1.379367,-0.234951,1.856460,0.026294,-0.140653,-0.084656
1746200108668.000000,1.344885,-0.241298,1.849435,0.027085,-0.141656,-0.084837
1746200108768.000000,1.310803,-0.247312,1.842391,0.025893,-0.142916,-0.085002
1746200108868.000000,1.275536,-0.253328,1.835013,0.028512,-0.144346,-0.089162
1746200108968.000000,1.243211,-0.258546,1.828326,0.024489,-0.143499,-0.091463
1746200109069.000000,1.208096,-0.263872,1.820917,0.025906,-0.145903,-0.096048
1746200109169.000000,1.174471,-0.268788,1.813322,0.024896,-0.144992,-0.100715
1746200109269.000000,1.140878,-0.273484,1.805300,0.022845,-0.144459,-0.103146
1746200109369.000000,1.107803,-0.277545,1.797028,0.021051,-0.140304,-0.106366
1746200109469.000000,1.075019,-0.281407,1.788647,0.021003,-0.147181,-0.107936
1746200109570.000000,1.042855,-0.284341,1.780116,0.019535,-0.144526,-0.107309
1746200109670.000000,1.010956,-0.287061,1.771364,0.021482,-0.147253,-0.108679
1746200109770.000000,0.979556,-0.289324,1.762073,0.021902,-0.147386,-0.110375
1746200109870.000000,0.948486,-0.291202,1.752525,0.023161,-0.147834,-0.111296
1746200109970.000000,0.917932,-0.292793,1.742602,0.020577,-0.151035,-0.112149
1746200110071.000000,0.896190,-0.293631,1.735733,0.019491,-0.150806,-0.112294
1746200110171.000000,0.864964,-0.294251,1.726299,0.016192,-0.151719,-0.111831
1746200110271.000000,0.835079,-0.293916,1.717996,0.014244,-0.152470,-0.111867
1746200110371.000000,0.803898,-0.292780,1.710033,0.022561,-0.151859,-0.113995
1746200110472.000000,0.767807,-0.290347,1.701277,0.023641,-0.150412,-0.117150
1746200110572.000000,0.742436,-0.288224,1.694980,0.027788,-0.149503,-0.121318
1746200110672.000000,0.711237,-0.285042,1.686749,0.027700,-0.150228,-0.123872
1746200110772.000000,0.681610,-0.281320,1.678689,0.026096,-0.153591,-0.126861
1746200110873.000000,0.651103,-0.276510,1.670156,0.024765,-0.150820,-0.123741
1746200110973.000000,0.620858,-0.271173,1.661446,0.035152,-0.149997,-0.121244
1746200111073.000000,0.592093,-0.265975,1.652767,0.038190,-0.149639,-0.116304
1746200111173.000000,0.562668,-0.260661,1.644050,0.033331,-0.149399,-0.111113
1746200111273.000000,0.534982,-0.256327,1.635946,0.034806,-0.151300,-0.104492
1746200111374.000000,0.506685,-0.252639,1.627578,0.034032,-0.153176,-0.095102
1746200111474.000000,0.479924,-0.250025,1.618852,0.032987,-0.154909,-0.078323
1746200111574.000000,0.453601,-0.247810,1.609355,0.028634,-0.155962,-0.059403
1746200111674.000000,0.427267,-0.245834,1.599346,0.029737,-0.156675,-0.041134
1746200111774.000000,0.400390,-0.243574,1.588732,0.031928,-0.150728,-0.023795
1746200111875.000000,0.372814,-0.241411,1.577962,0.041119,-0.146908,-0.006450
1746200111975.000000,0.344493,-0.239415,1.567610,0.040533,-0.147519,0.011478
1746200112075.000000,0.315740,-0.237732,1.557623,0.039227,-0.143458,0.026653
1746200112175.000000,0.286408,-0.236230,1.548090,0.040187,-0.141670,0.039520
1746200112276.000000,0.256689,-0.234856,1.537675,0.046899,-0.133198,0.050317
1746200112376.000000,0.225598,-0.233381,1.525602,0.047274,-0.126757,0.064854
1746200112476.000000,0.197316,-0.232471,1.513799,0.049000,-0.115497,0.078016
1746200112576.000000,0.168120,-0.232238,1.500840,0.046873,-0.107613,0.090314
1746200112676.000000,0.141562,-0.232484,1.489044,0.044343,-0.114593,0.096207
1746200112776.000000,0.117312,-0.232914,1.478804,0.036081,-0.109715,0.095019
1746200112877.000000,0.094959,-0.233411,1.469202,0.033014,-0.107482,0.089190
1746200112977.000000,0.075705,-0.233403,1.460335,0.031218,-0.107993,0.078994
1746200113077.000000,0.057449,-0.233067,1.450653,0.036665,-0.112155,0.063433
1746200113177.000000,0.042495,-0.232425,1.441037,0.035048,-0.115707,0.054191
1746200113277.000000,0.029621,-0.231376,1.431830,0.028391,-0.112562,0.039284
1746200113378.000000,0.018289,-0.230102,1.422281,0.028603,-0.115119,0.026365
1746200113478.000000,0.007953,-0.228504,1.412707,0.027421,-0.117621,0.015699
1746200113578.000000,-0.000906,-0.226525,1.403381,0.025804,-0.111019,0.005181
1746200113678.000000,-0.008558,-0.224170,1.394269,0.032178,-0.109514,-0.002569
1746200113779.000000,-0.015093,-0.221495,1.384543,0.029818,-0.112214,-0.009910
1746200113879.000000,-0.020770,-0.218158,1.374821,0.027433,-0.112057,-0.011467
1746200113979.000000,-0.026030,-0.214300,1.365829,0.028660,-0.116143,-0.010062
1746200114079.000000,-0.030895,-0.209668,1.358096,0.030169,-0.117112,-0.007533
1746200114179.000000,-0.035406,-0.204109,1.351480,0.038740,-0.111072,-0.007838
1746200114279.000000,-0.039764,-0.197734,1.344956,0.044681,-0.108533,-0.009292
1746200114380.000000,-0.043966,-0.190584,1.337695,0.047801,-0.108433,-0.008397
1746200114480.000000,-0.047440,-0.183536,1.330074,0.050281,-0.107447,-0.008849
1746200114580.000000,-0.049957,-0.178078,1.323855,0.049781,-0.108189,-0.008852
1746200114680.000000,-0.052976,-0.170462,1.314788,0.055501,-0.102376,-0.009560
1746200114781.000000,-0.055609,-0.162476,1.305360,0.051399,-0.103074,-0.008619
1746200114881.000000,-0.057902,-0.155097,1.295848,0.055881,-0.110698,-0.007791
1746200114981.000000,-0.060031,-0.147496,1.286108,0.056191,-0.108274,-0.008598
1746200115081.000000,-0.062448,-0.140555,1.276564,0.059093,-0.109981,-0.006667
1746200115182.000000,-0.065149,-0.134693,1.266758,0.056149,-0.112270,-0.004965
1746200115282.000000,-0.067935,-0.129414,1.256010,0.063691,-0.110070,-0.005680
1746200115382.000000,-0.070620,-0.125369,1.246075,0.062995,-0.107342,-0.006515
1746200115483.000000,-0.073073,-0.122078,1.236095,0.057477,-0.103405,-0.006778
1746200115583.000000,-0.075210,-0.119676,1.226334,0.058277,-0.106306,-0.008760
1746200115683.000000,-0.076804,-0.118173,1.217615,0.056502,-0.103149,-0.009066
1746200115784.000000,-0.077734,-0.116888,1.209036,0.056369,-0.104196,-0.007902
1746200115884.000000,-0.078326,-0.116656,1.200365,0.054724,-0.104820,-0.008233
1746200115984.000000,-0.078345,-0.116692,1.191809,0.050054,-0.105134,-0.006664
1746200116084.000000,-0.077973,-0.117309,1.183501,0.053602,-0.107568,-0.007882
1746200116184.000000,-0.076883,-0.118241,1.175383,0.053670,-0.110020,-0.005881
1746200116284.000000,-0.075789,-0.119815,1.166476,0.056365,-0.116097,-0.008445
1746200116385.000000,-0.074296,-0.121809,1.157085,0.046390,-0.116800,-0.005841
1746200116485.000000,-0.072827,-0.124513,1.147395,0.049385,-0.111977,-0.011369
1746200116585.000000,-0.071262,-0.127154,1.137559,0.050618,-0.114669,-0.011983
1746200116686.000000,-0.069689,-0.129674,1.128087,0.049251,-0.115877,-0.012632
1746200116786.000000,-0.068197,-0.132704,1.119002,0.051546,-0.112814,-0.015649
1746200116886.000000,-0.066780,-0.135950,1.111415,0.049054,-0.116032,-0.010732
1746200116986.000000,-0.065164,-0.139294,1.107233,0.058485,-0.111119,-0.016451
1746200117087.000000,-0.062620,-0.142908,1.106884,0.044430,-0.100749,-0.011132
1746200117187.000000,-0.059340,-0.146138,1.109923,0.043652,-0.099836,-0.013785
1746200117287.000000,-0.054960,-0.148721,1.116017,0.040378,-0.097831,-0.013236
1746200117387.000000,-0.049053,-0.150763,1.123921,0.044708,-0.092954,-0.014880
1746200117487.000000,-0.042283,-0.152443,1.133058,0.040543,-0.093523,-0.014756
1746200117587.000000,-0.034177,-0.153630,1.143143,0.041257,-0.089983,-0.013632
1746200117688.000000,-0.024594,-0.154630,1.153525,0.045616,-0.092219,-0.015087
1746200117788.000000,-0.014065,-0.155481,1.163624,0.043410,-0.093144,-0.014919
1746200117888.000000,-0.002427,-0.156120,1.174212,0.041034,-0.093306,-0.015432
1746200117988.000000,0.010052,-0.156580,1.184297,0.044055,-0.093525,-0.014276
1746200118088.000000,0.023315,-0.156701,1.194465,0.043112,-0.094246,-0.014601
1746200118189.000000,0.037434,-0.156380,1.204405,0.041572,-0.092135,-0.016258
1746200118289.000000,0.052315,-0.155698,1.214179,0.041732,-0.089420,-0.016300
1746200118389.000000,0.067753,-0.154592,1.223665,0.041627,-0.084731,-0.016770
1746200118490.000000,0.083882,-0.153143,1.233095,0.042221,-0.088763,-0.015166
1746200118590.000000,0.100661,-0.151404,1.242396,0.045107,-0.086891,-0.018209
1746200118690.000000,0.118006,-0.149680,1.251045,0.043710,-0.086024,-0.018171
1746200118790.000000,0.135686,-0.147836,1.258918,0.044712,-0.087034,-0.018066
1746200118891.000000,0.153816,-0.146029,1.266589,0.042359,-0.085972,-0.017050
1746200118991.000000,0.171883,-0.144275,1.273693,0.042551,-0.087393,-0.016415
1746200119091.000000,0.190190,-0.142445,1.280652,0.042385,-0.083911,-0.017832
1746200119192.000000,0.207753,-0.140837,1.287246,0.041686,-0.086966,-0.015135
1746200119292.000000,0.227225,-0.139076,1.294667,0.043250,-0.088001,-0.014223
1746200119392.000000,0.240838,-0.137965,1.299977,0.047274,-0.087900,-0.016348
1746200119492.000000,0.259973,-0.136789,1.307903,0.044241,-0.087587,-0.014870
1746200119593.000000,0.280099,-0.135567,1.316333,0.041795,-0.087855,-0.015006
1746200119693.000000,0.300503,-0.134418,1.324419,0.044934,-0.089277,-0.016581
1746200119793.000000,0.320509,-0.133210,1.332310,0.048154,-0.090310,-0.017448
1746200119893.000000,0.341490,-0.132217,1.340649,0.051492,-0.092372,-0.018076
1746200119994.000000,0.361943,-0.131258,1.348355,0.048579,-0.093872,-0.018427
1746200120094.000000,0.383241,-0.130433,1.356397,0.045996,-0.091640,-0.017852
1746200120194.000000,0.404578,-0.129747,1.364634,0.045359,-0.093323,-0.019404
1746200120294.000000,0.425356,-0.129158,1.372613,0.045240,-0.092775,-0.019566
1746200120395.000000,0.446794,-0.128818,1.381259,0.045605,-0.094226,-0.019314
1746200120495.000000,0.467692,-0.128550,1.389783,0.044692,-0.093717,-0.019579
1746200120595.000000,0.489516,-0.128279,1.398619,0.046311,-0.095151,-0.018621
1746200120696.000000,0.511522,-0.127964,1.407533,0.046618,-0.096539,-0.019519
1746200120796.000000,0.532847,-0.127884,1.416188,0.048061,-0.095030,-0.019058
1746200120896.000000,0.554531,-0.127913,1.424949,0.045118,-0.092640,-0.019570
1746200120996.000000,0.577402,-0.127868,1.433932,0.043069,-0.093022,-0.021044
1746200121097.000000,0.599796,-0.127824,1.442254,0.043114,-0.096376,-0.020668
1746200121196.000000,0.622585,-0.127767,1.450340,0.042633,-0.097160,-0.018514
1746200121297.000000,0.645483,-0.127611,1.458299,0.042970,-0.096008,-0.021842
1746200121397.000000,0.668608,-0.127454,1.466411,0.044199,-0.093266,-0.021734
1746200121497.000000,0.691807,-0.127395,1.474653,0.040923,-0.095771,-0.021766
1746200121597.000000,0.715156,-0.127416,1.482709,0.043436,-0.093875,-0.023900
1746200121698.000000,0.738831,-0.127580,1.490976,0.043022,-0.094794,-0.024760
1746200121798.000000,0.761704,-0.127895,1.499182,0.042693,-0.095061,-0.023139
1746200121898.000000,0.786854,-0.128570,1.508302,0.044091,-0.093878,-0.026102
1746200121998.000000,0.811526,-0.129683,1.517256,0.044131,-0.092326,-0.026027
1746200122099.000000,0.836396,-0.131286,1.525701,0.040680,-0.095678,-0.024572
1746200122199.000000,0.861461,-0.133777,1.533528,0.040553,-0.100138,-0.024501
1746200122299.000000,0.886622,-0.136859,1.540926,0.033680,-0.097253,-0.024975
1746200122399.000000,0.912036,-0.140368,1.548301,0.034476,-0.094645,-0.023384
1746200122499.000000,0.937580,-0.143972,1.555831,0.032026,-0.094599,-0.022250
1746200122600.000000,0.963371,-0.147498,1.563811,0.031846,-0.097334,-0.021121
1746200122700.000000,0.989129,-0.151041,1.572008,0.032899,-0.101724,-0.020448
1746200122800.000000,1.014885,-0.154497,1.580457,0.032167,-0.100636,-0.019402
1746200122900.000000,1.041453,-0.157999,1.589605,0.031143,-0.099066,-0.018365
1746200123001.000000,1.062899,-0.160892,1.597156,0.029906,-0.098326,-0.018378
1746200123101.000000,1.092504,-0.164516,1.607499,0.026004,-0.096142,-0.017783
1746200123201.000000,1.118458,-0.167306,1.616233,0.025068,-0.094365,-0.017160
1746200123301.000000,1.144708,-0.169520,1.624842,0.025018,-0.093976,-0.017426
1746200123401.000000,1.171478,-0.170928,1.633649,0.027277,-0.093711,-0.018543
1746200123501.000000,1.186536,-0.171420,1.638475,0.027325,-0.095422,-0.019037
1746200123602.000000,1.225715,-0.171862,1.650652,0.030030,-0.100277,-0.020499
1746200123702.000000,1.253006,-0.171290,1.658998,0.030485,-0.098681,-0.019081
1746200123802.000000,1.280048,-0.170299,1.667568,0.032361,-0.099892,-0.020394
1746200123902.000000,1.306918,-0.169075,1.676266,0.033455,-0.100339,-0.020702
1746200124002.000000,1.333465,-0.167706,1.685056,0.033608,-0.101457,-0.021891
1746200124102.000000,1.359970,-0.166458,1.693811,0.033223,-0.099764,-0.022326
1746200124203.000000,1.379030,-0.165657,1.700214,0.031220,-0.098475,-0.024281
1746200124303.000000,1.405551,-0.164570,1.709246,0.030937,-0.097097,-0.023690
1746200124403.000000,1.433114,-0.163753,1.719070,0.030649,-0.099446,-0.023224
1746200124504.000000,1.460746,-0.163087,1.728752,0.030551,-0.100717,-0.023643
1746200124604.000000,1.487383,-0.162698,1.737819,0.027672,-0.098320,-0.023236
1746200124704.000000,1.515195,-0.162388,1.747207,0.025034,-0.096519,-0.023526
1746200124804.000000,1.543045,-0.161941,1.756483,0.027247,-0.095956,-0.024485
1746200124905.000000,1.570087,-0.161464,1.765397,0.026362,-0.095338,-0.024195
1746200125005.000000,1.598362,-0.160865,1.774782,0.025994,-0.094618,-0.024825
1746200125105.000000,1.625967,-0.160148,1.783758,0.023407,-0.091610,-0.024993
1746200125205.000000,1.655214,-0.159397,1.793052,0.022982,-0.089559,-0.024700
1746200125306.000000,1.685154,-0.158550,1.802246,0.021489,-0.092632,-0.026017
1746200125406.000000,1.714331,-0.157520,1.810908,0.026097,-0.095939,-0.025705
1746200125506.000000,1.744705,-0.156314,1.819902,0.026102,-0.100821,-0.025196
1746200125606.000000,1.773565,-0.155387,1.828539,0.027536,-0.103887,-0.025735
1746200125706.000000,1.801700,-0.154748,1.837043,0.028204,-0.107076,-0.027206
1746200125807.000000,1.828949,-0.154534,1.845325,0.027232,-0.111741,-0.026224
1746200125907.000000,1.855160,-0.154809,1.853474,0.026062,-0.115448,-0.027484
1746200126007.000000,1.880099,-0.154981,1.861744,0.024736,-0.118935,-0.028050
1746200126107.000000,1.903530,-0.155154,1.870063,0.023341,-0.121088,-0.027703
1746200126207.000000,1.925188,-0.155135,1.878667,0.024733,-0.126327,-0.028444
1746200126308.000000,1.945136,-0.154993,1.887504,0.024012,-0.127225,-0.030772
1746200126408.000000,1.963275,-0.154872,1.896286,0.025690,-0.128127,-0.032053
1746200126508.000000,1.980161,-0.154783,1.905105,0.026428,-0.130884,-0.031423
1746200126609.000000,1.993909,-0.155085,1.912552,0.028714,-0.141806,-0.034081
1746200126709.000000,2.004712,-0.155760,1.916111,0.031043,-0.157686,-0.032902
1746200126809.000000,2.011837,-0.157328,1.916091,0.036141,-0.166818,-0.034274
1746200126909.000000,2.014584,-0.159705,1.913506,0.034311,-0.168549,-0.034904
1746200127010.000000,2.013032,-0.163104,1.908854,0.035785,-0.168259,-0.036033
1746200127110.000000,2.007179,-0.167273,1.902828,0.036614,-0.164999,-0.036607
1746200127210.000000,1.997571,-0.172075,1.895959,0.034155,-0.161492,-0.038048
1746200127311.000000,1.984693,-0.177445,1.888665,0.036554,-0.159174,-0.037237
1746200127411.000000,1.968785,-0.183311,1.880936,0.037899,-0.157349,-0.038452
1746200127511.000000,1.950159,-0.189633,1.873094,0.038344,-0.158037,-0.038467
1746200127611.000000,1.928969,-0.196497,1.865090,0.036845,-0.158248,-0.039186
1746200127712.000000,1.918987,-0.199684,1.861435,0.035707,-0.155409,-0.039250
1746200127812.000000,1.881464,-0.210482,1.849488,0.032449,-0.150014,-0.038477
1746200127912.000000,1.853681,-0.217731,1.841995,0.027502,-0.146430,-0.037571
1746200128012.000000,1.824281,-0.224816,1.834924,0.028698,-0.147299,-0.041041
1746200128112.000000,1.795150,-0.231370,1.828288,0.034969,-0.148341,-0.040430
1746200128212.000000,1.766384,-0.237381,1.821846,0.033778,-0.144536,-0.039063
1746200128313.000000,1.734474,-0.243929,1.814785,0.032731,-0.143570,-0.039822
1746200128413.000000,1.703384,-0.250146,1.808247,0.032261,-0.138847,-0.039278
1746200128513.000000,1.671780,-0.256375,1.801835,0.028039,-0.139725,-0.042326
1746200128613.000000,1.639868,-0.261935,1.795557,0.029058,-0.140166,-0.042920
1746200128714.000000,1.607854,-0.267298,1.789577,0.030167,-0.140870,-0.043967
1746200128814.000000,1.584612,-0.270930,1.785121,0.026812,-0.139821,-0.045068
1746200128914.000000,1.553530,-0.275479,1.779217,0.028809,-0.138829,-0.045450
1746200129014.000000,1.519677,-0.279705,1.772447,0.027427,-0.138241,-0.045371
1746200129114.000000,1.485828,-0.283401,1.765623,0.027701,-0.138774,-0.047146
1746200129215.000000,1.453070,-0.286789,1.759058,0.030102,-0.139013,-0.048263
1746200129315.000000,1.418855,-0.289666,1.751710,0.028572,-0.141037,-0.048441
1746200129415.000000,1.384427,-0.292152,1.743936,0.031014,-0.144037,-0.049498
1746200129515.000000,1.351119,-0.294205,1.736268,0.031625,-0.142909,-0.049586
1746200129616.000000,1.316565,-0.295832,1.727963,0.030931,-0.138583,-0.049330
1746200129716.000000,1.283168,-0.297176,1.719387,0.029522,-0.140938,-0.048942
1746200129816.000000,1.248448,-0.298213,1.710334,0.031377,-0.140060,-0.048655
1746200129917.000000,1.213658,-0.298733,1.701065,0.030202,-0.141964,-0.050215
1746200130017.000000,1.179987,-0.298724,1.691834,0.029388,-0.141841,-0.050276
1746200130117.000000,1.145137,-0.298262,1.682128,0.030339,-0.138545,-0.051146
1746200130217.000000,1.110214,-0.297147,1.672430,0.033017,-0.138439,-0.051737
1746200130317.000000,1.076699,-0.295488,1.663363,0.034238,-0.137291,-0.051719
1746200130418.000000,1.043303,-0.293247,1.654615,0.033959,-0.135139,-0.050641
1746200130518.000000,1.009905,-0.290250,1.645976,0.034567,-0.138172,-0.051288
1746200130618.000000,0.976632,-0.286619,1.637351,0.038580,-0.136210,-0.050189
1746200130719.000000,0.943538,-0.282567,1.628627,0.038819,-0.133565,-0.050954
1746200130819.000000,0.910612,-0.278090,1.620011,0.042209,-0.135483,-0.051403
1746200130919.000000,0.877564,-0.273229,1.611702,0.042125,-0.137224,-0.052918
1746200131020.000000,0.844567,-0.267908,1.603451,0.044154,-0.134504,-0.051787
1746200131120.000000,0.811600,-0.262048,1.595153,0.044489,-0.135912,-0.056418
1746200131220.000000,0.778927,-0.255604,1.587212,0.042680,-0.137475,-0.061471
1746200131320.000000,0.746610,-0.248736,1.579480,0.045334,-0.135481,-0.061683
1746200131421.000000,0.714838,-0.241356,1.571709,0.049028,-0.137903,-0.059873
1746200131521.000000,0.687122,-0.234936,1.564744,0.055262,-0.141554,-0.054080
1746200131621.000000,0.651269,-0.226517,1.555148,0.060912,-0.142263,-0.043535
1746200131721.000000,0.620760,-0.220201,1.545718,0.059789,-0.139279,-0.033272
1746200131822.000000,0.590483,-0.214736,1.535865,0.059972,-0.138695,-0.020851
1746200131922.000000,0.560424,-0.210409,1.525717,0.057711,-0.138609,-0.008880
1746200132022.000000,0.530660,-0.206954,1.515635,0.055434,-0.140032,-0.000210
1746200132122.000000,0.501319,-0.204145,1.505359,0.054726,-0.138664,0.007513
1746200132222.000000,0.472135,-0.201764,1.495121,0.054779,-0.138818,0.011627
1746200132323.000000,0.443302,-0.199583,1.484952,0.056336,-0.142164,0.018867
1746200132423.000000,0.417934,-0.197933,1.476132,0.057543,-0.143336,0.022862
1746200132523.000000,0.389183,-0.196226,1.466626,0.057563,-0.139660,0.028018
1746200132624.000000,0.357087,-0.194158,1.456503,0.054777,-0.141018,0.033107
1746200132724.000000,0.328564,-0.192163,1.447254,0.058443,-0.141250,0.032791
1746200132824.000000,0.300410,-0.189901,1.437732,0.062919,-0.140190,0.034450
1746200132924.000000,0.271686,-0.187897,1.427946,0.066494,-0.138850,0.037078
1746200133025.000000,0.244871,-0.186457,1.418668,0.060110,-0.134905,0.037778
1746200133125.000000,0.219069,-0.185513,1.409536,0.059602,-0.133702,0.038798
1746200133225.000000,0.194347,-0.185127,1.400513,0.058028,-0.129967,0.037463
1746200133326.000000,0.170848,-0.185240,1.391815,0.061096,-0.128517,0.035431
1746200133426.000000,0.148432,-0.185921,1.383283,0.055435,-0.129250,0.033962
1746200133526.000000,0.128209,-0.187056,1.375320,0.054022,-0.127118,0.033084
1746200133626.000000,0.113170,-0.188059,1.368932,0.053399,-0.126378,0.030374
1746200133726.000000,0.094911,-0.189146,1.359986,0.054884,-0.118452,0.030452
1746200133827.000000,0.078024,-0.189745,1.350605,0.055288,-0.121554,0.029692
1746200133927.000000,0.062509,-0.189913,1.340388,0.054844,-0.117422,0.030525
1746200134027.000000,0.048860,-0.189974,1.329828,0.057093,-0.113013,0.028428
1746200134127.000000,0.037483,-0.189539,1.320104,0.055526,-0.114308,0.031940
1746200134228.000000,0.027848,-0.188676,1.310724,0.057513,-0.116263,0.029890
1746200134328.000000,0.020276,-0.187471,1.301769,0.056805,-0.116528,0.032266
1746200134428.000000,0.014129,-0.185848,1.292483,0.060350,-0.120437,0.032318
1746200134528.000000,0.008781,-0.183986,1.283152,0.065577,-0.123976,0.036238
1746200134629.000000,0.004503,-0.182022,1.274240,0.068584,-0.122984,0.035340
1746200134729.000000,0.000667,-0.179964,1.265034,0.064245,-0.120825,0.035360
1746200134829.000000,-0.002780,-0.178481,1.255825,0.067686,-0.127262,0.035320
1746200134929.000000,-0.005583,-0.176790,1.247520,0.067290,-0.127901,0.034396
1746200135030.000000,-0.008300,-0.175044,1.239544,0.067769,-0.129039,0.033417
1746200135130.000000,-0.010708,-0.173668,1.231879,0.068802,-0.128698,0.034628
1746200135230.000000,-0.012882,-0.172460,1.223969,0.063835,-0.124498,0.033979
1746200135330.000000,-0.014760,-0.171638,1.215191,0.063079,-0.121176,0.030857
1746200135431.000000,-0.016099,-0.170503,1.205863,0.061334,-0.123310,0.033908
1746200135531.000000,-0.017129,-0.169138,1.195819,0.064512,-0.124986,0.032740
1746200135632.000000,-0.017744,-0.167475,1.186071,0.066419,-0.126465,0.032708
1746200135732.000000,-0.018455,-0.165708,1.176902,0.065785,-0.124252,0.034191
1746200135832.000000,-0.019037,-0.164370,1.167928,0.074692,-0.124141,0.034274
1746200135933.000000,-0.019739,-0.163526,1.158705,0.073644,-0.124915,0.035028
1746200136033.000000,-0.019947,-0.163063,1.150457,0.064020,-0.123279,0.036454
1746200136133.000000,-0.019881,-0.162873,1.142080,0.063272,-0.123206,0.036261
1746200136233.000000,-0.019678,-0.163113,1.133939,0.066971,-0.127956,0.036920
1746200136333.000000,-0.019388,-0.163801,1.126344,0.065302,-0.127551,0.037897
1746200136434.000000,-0.019044,-0.164930,1.118855,0.068334,-0.120601,0.036441
1746200136534.000000,-0.018861,-0.166656,1.111119,0.064463,-0.122134,0.038853
1746200136634.000000,-0.018554,-0.168574,1.103400,0.059125,-0.123485,0.038488
